<?xml version="1.0" encoding="UTF-8"?>
<project-private xmlns="http://www.netbeans.org/ns/project-private/1">
    <editor-bookmarks xmlns="http://www.netbeans.org/ns/editor-bookmarks/2" lastBookmarkId="0"/>
    <open-files xmlns="http://www.netbeans.org/ns/projectui-open-files/2">
        <group>
            <file>file:/C:/microchip/harmony/v2_06/apps/MINF/Exercices/Ex10_2/firmware/src/system_config/default/system_definitions.h</file>
            <file>file:/C:/microchip/harmony/v2_06/apps/MINF/Exercices/Ex10_2/firmware/src/appcomm.c</file>
            <file>file:/C:/microchip/harmony/v2_06/apps/MINF/Exercices/Ex10_2/firmware/src/main.c</file>
            <file>file:/C:/microchip/harmony/v2_06/apps/MINF/Projet/SPB7_TouchCapa/firmware/src/appTouch.c</file>
            <file>file:/C:/microchip/harmony/v2_06/apps/MINF/Exercices/Ex10_2/firmware/src/system_config/default/system_tasks.c</file>
            <file>file:/C:/microchip/harmony/v2_06/apps/MINF/Exercices/Ex10_2/firmware/src/appclav.h</file>
            <file>file:/C:/microchip/harmony/v2_06/apps/MINF/Projet/SPB7_TouchCapa/firmware/src/system_config/default/system_tasks.c</file>
            <file>file:/C:/microchip/harmony/v2_06/apps/MINF/Exercices/Ex10_2/firmware/src/appclav.c</file>
            <file>file:/C:/microchip/harmony/v2_06/apps/MINF/Exercices/Ex10_2/firmware/src/system_config/default/system_interrupt.c</file>
            <file>file:/C:/microchip/harmony/v2_06/apps/MINF/Exercices/Ex10_2/firmware/src/system_config/default/system_init.c</file>
            <file>file:/C:/microchip/harmony/v2_06/apps/MINF/Projet/SPB7_TouchCapa/firmware/src/Mc32_I2cUtilCCS.c</file>
            <file>file:/C:/microchip/harmony/v2_06/apps/MINF/Exercices/Ex10_2/firmware/src/system_config/default/framework/driver/usart/src/drv_usart_static.c</file>
            <file>file:/C:/microchip/harmony/v2_06/apps/MINF/Exercices/Ex10_2/firmware/src/app.h</file>
            <file>file:/C:/microchip/harmony/v2_06/apps/MINF/Projet/SPB7_TouchCapa/firmware/src/system_config/default/system_interrupt.c</file>
            <file>file:/C:/microchip/harmony/v2_06/apps/MINF/Exercices/Ex10_2/firmware/src/applcd.c</file>
            <file>file:/C:/microchip/harmony/v2_06/apps/MINF/Projet/SPB7_TouchCapa/firmware/src/PIC32130_AT42QT2120_I2C.c</file>
            <file>file:/C:/microchip/harmony/v2_06/apps/MINF/Exercices/Ex10_2/firmware/src/system_config/default/system_config.h</file>
            <file>file:/C:/microchip/harmony/v2_06/apps/MINF/Exercices/Ex10_2/firmware/src/app.c</file>
        </group>
    </open-files>
</project-private>
