<?xml version="1.0" encoding="UTF-8"?> 
<project>                                  
  <executable name="C:\microchip\harmony\v2_06\apps\MINF\Projet\SPB7_TouchCapa\firmware\out\SPB7_TouchCapa\default.elf">                 
    <memory name="program">                 
      <units>bytes</units>                 
      <length>531968</length>                 
      <used>10444</used>                     
      <free>521524</free>                     
    </memory>                              
    <memory name="data">              
      <units>bytes</units>                 
      <length>131072</length>                 
      <used>180</used>                     
      <free>130892</free>                     
    </memory>                              
  </executable>                            
</project>                                 
