<?xml version="1.0" encoding="UTF-8"?>
<project-private xmlns="http://www.netbeans.org/ns/project-private/1">
    <editor-bookmarks xmlns="http://www.netbeans.org/ns/editor-bookmarks/2" lastBookmarkId="0"/>
    <open-files xmlns="http://www.netbeans.org/ns/projectui-open-files/2">
        <group>
            <file>file:/C:/microchip/harmony/v2_06/framework/peripheral/spi/processor/spi_p32mx795f512l.h</file>
            <file>file:/C:/microchip/harmony/v2_06/framework/peripheral/spi/templates/spi_Buffer_Default.h</file>
            <file>file:/C:/microchip/harmony/v2_06/framework/peripheral/spi/templates/spi_registers.h</file>
            <file>file:/C:/microchip/harmony/v2_06/framework/driver/sdcard/src/dynamic/drv_sdcard.c</file>
            <file>file:/C:/microchip/harmony/v2_06/framework/driver/sdcard/drv_sdcard.h</file>
        </group>
    </open-files>
</project-private>
