<?xml version="1.0" encoding="UTF-8"?> 
<project>                                  
  <executable name="2414_DES_SP7_TestSprinkler_default_default.elf">                 
    <memory name="program">                 
      <units>bytes</units>                 
      <length>531968</length>                 
      <used>144888</used>                     
      <free>387080</free>                     
    </memory>                              
    <memory name="data">              
      <units>bytes</units>                 
      <length>131072</length>                 
      <used>6600</used>                     
      <free>124472</free>                     
    </memory>                              
  </executable>                            
</project>                                 
